sequence,"positivity","sincerity","concreteness","intensity"
For 350 â‚¬ a Month and a shinny medal??? ğŸ¥³ğŸ¥³ğŸ¥³,1,0,1,1
"YES! YES! YES!
Fully support. ğŸ‘",1,1,1,1
@FreddieKraft You  like Denny &amp; Bubba also seem to be a Drama Queen . The Slow Pokes Of Woke ğŸ–•ğŸ¤¡ğŸ’©,-1,1,1,1
@thatoneparxsong NO IM SORRY FORGIVE ME OLD PERSON. ADULTS ARE GREAT ğŸ‘ I HAVE NO PROBLEMs WITH THEM ğŸ˜ƒ,1,0,1,1
@Wuming80253200 ğŸ‘,1,1,1,0
"LET'S GO! FOR YOUR VOTING CONSIDERATION! LYRIK is nominated in 6 categories on the Prayze Factor Awards Season 16.

ğŸ‘‰ https://t.co/w6b2DfODVD

#lyrik4god
#prayzefactorawards16
#PGNetworkPromotions https://t.co/otK3zWuiq4",1,1,1,0
@jpegsocial @ApeReunion 12 more and we have the same amount ğŸ˜‰ğŸ˜… but all good ğŸ˜Š,0,1,0,0
@Lnugelo_n ğŸ˜­ğŸ˜­ğŸ˜­ I canâ€™t even see my abs anymore,-1,1,1,0
@Kakai_Penny Just toss me the location  ...we link-up  ..ğŸ˜ŠğŸ˜ŠğŸ˜‹,1,1,0,0
@spiritflurry official pearlina yuri comic that marina canonically drewâ˜ºï¸ https://t.co/bX9YJrnD2N,0,1,1,0
"Bambi @BalaamAteenyiDr  and @MwesigyeFranks  youre the guys who stengthened me to support and join muhoozi Project by 2019 &gt;
,may God bless you for me , I know we are now doing great to make Uganda better under MK Movement now power belongs to peopleğŸ˜",1,1,1,0
"HE'S GONNA BE THE DEATH OF ME FR!! ğŸ˜”ğŸ¤

SUGA FOR MARIE CLAIRE KOREA #SUGAxMarieClaireKorea",-1,0,0,1
@StygianWorm thatâ€™s not a chocobo ğŸ˜¡,-1,0,1,0
"Good job hiyyihlights! Lets keep this energy for the rest of the promotionsğŸ”¥ğŸ”¥

HIYYIH LOVESTRUCK CLUB
#GIDDYWithHiyyih
#íˆì—ë•œì—ì•„ì°”í•˜ê²Œë€ë‹¤
#HUENING_BAHIYYIH
#íœ´ë‹ë°”íˆì— #ãƒ’ãƒ¥ãƒ‹ãƒ³ãƒãƒ’ã‚¨ https://t.co/42wMembJBn",1,1,0,1
@RaffForLiberty Only if WE let them!  ğŸ‡ºğŸ‡¸ğŸ«¡ğŸ˜¤,0,1,1,0
@Vanessaisgolden You will pay ğŸ˜¤,-1,0,1,0
"@MartinDBA @OracleSK My findings about DBMS_USERDIAG in #23c #free 
https://t.co/TPLhp2rRuz 
A very interesting package as it doesn't require ALTER SYSTEM or ALTER SESSION grants. 
Still I'd prefer official documentation ğŸ˜‰ 
@oracleace",0,1,0,0
@thegreatgowsby Gm â˜€ï¸ have a good day â˜•,1,1,1,0
First one already made its way to my homescreen ğŸ« ,0,1,0,0
@Sharpcut @Belinda71555585 Youâ€™re a joke!  â€œRight 97% of the timeâ€ WHATEVER! ğŸ¤¡ğŸ¤¡ğŸ¤¡ https://t.co/XAodAGl1tY,-1,1,1,1
"@jeaniezk Bet. Iâ€™ll await the review dropping on the tl, and love the pod ğŸ«¡",0,1,1,0
"@myckjnr Oh Yeah! Dear ğŸ™‚  download, it is here https://t.co/w2A2AupzOP , Bookmark and check your download page if i don't respond.ğŸ‘  /",0,1,1,0
"@lilylee6500 hi my bias is jaemin but i love all of them equally ğŸ’šğŸ¥º never got to see 7dream and iâ€™m hoping iâ€™ll be able to. this past few years have been really rough for me but dream made it easier for me esp when iâ€™m mentally burnout ğŸ¥² saya malaysian boleh kecek kelate, utagha punn ğŸ¥ºğŸ«¶ğŸ»",0,1,0,1
"@cognaccripcess Man, yeah ğŸ˜ˆğŸ˜«ğŸ¥µ. Lmao, too much fun. I've been missing out more than I think",1,1,1,1
@fentytastic I didnâ€™t even read the tweet properly before retweeting why is she getting all mad for ğŸ˜­ğŸ’€ https://t.co/xkQpgRoXBs,-1,1,0,0
"Many many Happy returns of the day bro... 
Md. Rafi of Telugu twitter
Have a blast ğŸŠğŸ‰ğŸ¥³ğŸ¥³ @Praveen_9_99",1,1,1,0
"@VioTCZ Pictures, or it never happened. ğŸ“¸ğŸ˜",0,0,1,0
"Your lovely smile cannot be compared to anything in the world. I hope you always have a smile on your face :)â˜ºï¸ğŸ’š

#LegendofSRICHANDxMileApo
@milephakphum  #MilePhakphum https://t.co/Eo7NgV1OzH",1,1,1,0
"@the_lalalandd Awww, I love her ğŸ˜ so cute ğŸ¥°",1,1,1,0
"kelly kapoor, the business bitch ğŸ˜",1,1,1,0
Someone plz lent me there love for some time ğŸ‘‰ğŸ‘ˆ,0,1,0,0
this lips and mine by IVE ğŸ˜ŒğŸ”¥ğŸ”¥,0,1,0,1
@Beeberh_ Quote with a photo of you that looks like an album cover.ğŸ«¡ https://t.co/vZG2m3rnbT,0,1,0,0
"Money can't buy happiness âœ…
Zill E Subhan â¤ https://t.co/hWwFyfx9TN",0,1,1,0
More games tomorrow ğŸ”¥ğŸ”¥ğŸ”¥ğŸ”¥ https://t.co/g50N9kxIbn,1,1,0,1
@bwsxblossom Wow Iâ€™m in love ğŸ˜ğŸ˜,1,1,1,1
@Immortal_Belle @uncle_moze At all costsğŸ˜­ğŸ˜…ğŸ¤ğŸ½ğŸ¤ğŸ¾,0,1,0,1
@d_m1fofo1m âœ”ï¸ ÙØ¹Ù„Ø§Ù‹,N/A,N/A,N/A,N/A
@NUJERZEYTWORK requesting for Preem to also be on this tape. Son ğŸ”¥,0,1,1,0
"NEW MERCH ALERT! ğŸ˜ We have a new logo womenâ€™s tank top and dog bandanas in our shop, along with a lot of other goodies. Modeled by @BasedBabeUSA and our mascot, Boey! ğŸ• 

Support our movement and get something in return! 

ğŸ‘‰https://t.co/iLBagQp7y7 ğŸ‘ˆ

#GaysAgainstGroomers https://t.co/gxvi7U4k7N",1,1,1,0
this made me want to read the book ğŸ«¡,1,1,0,0
New movie about book horror is coming soon? Maybe ğŸ˜¨ğŸ˜±ğŸ¤”ğŸ§,0,1,0,1
The Ads will be available starting Monday ğŸ¥³ğŸ‰,1,1,1,1
"Happy birthday Saran ji ! May your life ahead be filled with love, success, and happiness

@BrocaSaran ğŸ‚ğŸˆ ğŸ¥³ https://t.co/zPbPa1y6Bj",1,1,1,1
"Check out this product ğŸ˜ Striped String Swimsuit ğŸ˜ 
by CatchMySwag starting at $33.83. 
Shop now ğŸ‘‰ğŸ‘‰ https://t.co/F6gZYVdde1 https://t.co/ATxDaD3jSP",0,1,1,1
"@KeepinUpWithCyd @Syddknee__ Me either cuz why is Matt really that crazy, Iâ€™m scared for the stuff we didnâ€™t see him do to Kenya ğŸ¥´ğŸ˜‚ğŸ˜‚",0,1,0,0
"Come enjoy the weekend with @TrapLordsLLC on kick ğŸ‘€

Playing w/ @Tinberg913 @welpiii @SausOnMyTiddys 

71 followers away from affiliate ğŸ«¶ğŸ¼

https://t.co/6cEILH8cKn https://t.co/Imw64fhijj",0,1,1,0
"The butterflies I felt for this man, are now roaches ğŸ« ",-1,1,0,1
@Ginocide_ sir yes sir ğŸ«¡,0,0,1,0
Refreshing my timeline every now and then ğŸ« ,-1,1,0,1
It's a Crusher thing. ğŸ‘»ğŸ•¯ï¸ https://t.co/Yeq1JahFP5,0,1,0,0
When people donâ€™t see anything you do for them and think you do nothing ğŸ˜©ğŸ˜¡,-1,1,1,1
ğŸ¤£ğŸ¤£ğŸ¤£ğŸ¤£ğŸ¤£ğŸ¤£ please calm down ğŸ™ has he finished managing himself and calming himself down?,1,0,1,1
"Also seeing family, loved ones and touching grass ofcourse ğŸ˜‚ğŸ«¡",1,1,0,0
@HarryButch98_ Heâ€™s getting cooked ğŸ¤£,1,0,1,1
@Resh_MM And they're not weak right? ğŸ§ğŸ½â€â™€ï¸Aowa I'm going i want white teeth and if i couldğŸ‘ï¸I'd say i want pure white eyes tooğŸ’€ğŸ’€,-1,1,0,1
@notrllysage get to hear it on loop for weeks in joysâ€¦ yay ğŸ¥°,-1,0,1,0
Salute to Gamebred. A Hall of Fame Combat Athlete ğŸ«¡ #UFC287,0,1,1,0
"@Anonofdanonofd1 @mfclothingceo Congratulations ğŸ‰ğŸ‰...
God bless you both",1,1,1,0
@MaiMoha08748183 ÙŠ Ù…ÙŠÙŠ Ù‡Ø¯ÙŠØ± Ø§Ø­Ù†Ø§ Ø¨Ù†Ø¹Ø§Ù…Ù„Ù‡Ø§ Ø¹ Ø§Ù†Ù‡Ø§ Ø¯Ù…Ø§ØºÙ‡Ø§ ØªØ¹Ø¨Ø§Ù†Ù‡ ÙŠ Ù…ÙŠÙŠ Ø§Ø®Øµ Ø¹Ù„ÙŠÙƒÙŠ Ø¨Ø¬Ø¯ ğŸ˜¡ https://t.co/BdGWclYQ95,N/A,N/A,N/A,N/A
@Flits216 @ShyyLexi no dying allowed ğŸ˜¡,-1,0,1,1
"@theladyinreddd Invite me to your church tomorrow, spread the gospel, safe a soul.ğŸ¥²",1,1,1,0
Falling in love ğŸ¥° is dangerous âš ï¸ but always love â¤ï¸ yourself before anyone ğŸ’ªğŸ½ and always remember #god1st ğŸ¤ğŸ½ğŸ™ğŸ½ğŸ§ğŸ½,1,1,1,1
Lifeâ€™s a waveâœ¨â˜€ï¸ğŸŒŠâ›±ï¸ https://t.co/pNkA19tTZI,1,1,1,0
"@NorthantsChief @MCNnews @SilverstoneUK @OfficialBSB @BikeSafeUK Not back 5 minutes, and he's buying new bikes! ğŸ˜‰",1,1,1,0
@khikksola She has to even repeat the class ğŸ¥¹ğŸ¤£,-1,0,0,1
"@2skiiny was going to tweet about this! It really is, taste like thin mints if you're into those! :3 thin mints are my favorite along with Biscoff and golden Oreos haven't had Oreos in foreverğŸ˜­",0,0,1,0
"17 and acting like 11 ğŸ¤¡ğŸ¤¡ğŸ¤¡
I'd be embarrassed",-1,1,1,1
Introducing Redwing on the web ğŸ‰ Signup at https://t.co/hSaurs5gng #comics #MarvelComics #DC #DCU https://t.co/J51XEpS5Yr,0,1,1,0
@ThebeMot Is Adam the inventor of rizzğŸ¤”?,0,0,1,0
@suxcouple Can I have next?ğŸ˜,1,1,0,0
à¤¬à¤¾à¤¬à¤¾ ğŸ’šğŸ™ https://t.co/tyV3a0OSqS,N/A,N/A,N/A,N/A
"What are the benefits of #AI for network teams? 
Addressing the IT skills gap âœ”ï¸
Streamlined processes âœ”ï¸
Improved user experience âœ”ï¸
Read why AI is a worthwhile investment for organisations in @networkingplus:  https://t.co/EV7oPdkARw",0,1,1,0
@calhant_ CALHAN HAPPY BIRTH!!! WISHING YOU A GREAT DAY ğŸ‰,1,1,1,1
@edfeehly @veve_official @VeVeFamBam @VeVeMagic @VeveMaster @VeVeVivified @VeVeViral @MrF4lcon @johnnydunn777 @OMI__Homie @DeadPooWhale @MacandNFCheese @evlvd_collects @ChilCrazy @TheRealHinano @FosterHilt @DavidYuNZ @SleepynComics @SiliconSecure Who doesnâ€™t love a train ğŸš‚ set?!?  ğŸ”¥ğŸ”¥ğŸ”¥,1,1,1,1
@B1son_ @aizyesque next aleksib why you wishing him bad luck ğŸ’€,-1,0,0,1
"Holy ğŸ’©! I just played 10â‚¬ in a slot machine, and won 760â‚¬!!!!

As our main Dave Chappel said, â€œIâ€™m Rich Biiiotch!â€ - Robing the fuck out of the German bat owner! ğŸ¤˜ğŸ»ğŸ’©ğŸ˜‡",1,1,1,1
Happy Easter ğŸ°ğŸ£ğŸ‡ https://t.co/4xjLnh4vqX,1,1,1,0
"@PhillipWeekley @k_monty22 It's only ""fraud"" if it's illegal.ğŸ˜‰
Bloody should be though!ğŸ‘

The whole industry is like that.
For example, pork sausages only need to contain 32% meat but if they call them ""bangers"" that goes down to 5% !! (which is more like a pork flavoured bread stick)",-1,1,1,0
@almajed4oud ğŸ˜ğŸ¤ğŸ¤ğŸ¤ğŸ¤ğŸ¤ğŸ¤ğŸ¤ğŸ¤ğŸ¤,1,1,0,1
i really love his expression ğŸ¥¹ i mean how many times haechan teased him he just played along with itğŸ«¶ğŸ»ğŸ«¶ğŸ» neomu joha~ https://t.co/nR2nthFPTI,1,1,1,1
"Magpies, have you participated in our â€œJourney To 100Kâ€ #giveaway yet? ğŸ‘€ 

âœ”ï¸ Post a Tweet and include a link to the video to participate. 

&amp; don't forget to tag @magpieprotocol + add the hashtag #100KMagpies in the Tweet. 
 
https://t.co/IILTj9qDHS https://t.co/pp1KdSNYC8",0,1,1,0
@ZironiVioletta @Neali0o @ohemmamiller Looks a bit small in the body especially with a WIDE neck!  Definitely wouldn't be my choice!  I'd think the voicing would be weird/weak.  Those D shaped necks are simply too much! ğŸ˜‡,-1,1,0,1
"230804 TREASURE HELLO IN SG

The boys were nice to on their flashlight since there were vans blocking us from seeing them boarding the bus. 

Idk who was in the last bus but they on the light till we canâ€™t see them ğŸ¥¹

#TREASUREINSG #TREASURE_HELLO_IN_SINGAPORE #TREASURE #íŠ¸ë ˆì € https://t.co/E95cmjm7uk",0,1,0,0
@AloofG_ @lola_favv Werey say from the chat. Abi from experience ğŸ’€ğŸ˜‚ https://t.co/VEPT6ggvDP,0,1,0,1
@JWillCrypto Happy Easter J and GmğŸ’™ğŸ‡,1,1,1,0
@DanNathanRR @TwitterSupport @elonmusk @CNBCFastMoney Hope you don't pay for the blue âœ”ï¸.,0,1,1,0
@Azsweetness60 @YouTube ğŸ‘ saw them once in concert. They had a great show,1,1,1,0
Itâ€™s almost 5am I really need to sleep but damn ğŸ¥µ,1,0,0,1
"@RhymesRadical Happy Easter RadğŸŒ·ğŸŒ·ğŸ£ğŸ’ğŸ’œ
Welcome to the +3 clubğŸ¤­ğŸ˜Š",1,1,0,1
@Zalinium234 @spargles Iâ€™m only in support of the US joining Canada if you relinquish your unstable constitutional amendments and join the Commonwealth. We could call it: Canada ğŸ˜ğŸ‡¨ğŸ‡¦,1,0,1,0
@marshmallowminn ACKKK that means so much coming from u arch thank you â¤ï¸,1,1,1,1
Happy Easter ğŸ‡ğŸ£ğŸ° ğŸ’•ğŸ‘ğŸ¾,1,1,1,0
"@kfariina Happiest birthday, Kak Karina! ğŸ’“ğŸ¥³ May you have a fantastic day and many more to come!! ğŸ˜† https://t.co/cymGdYF7nD",1,1,1,1
"Good morning I woke up feeling so hung over ğŸ¥² but finally looking through my fancams and ğŸ˜ğŸ˜ğŸ˜ the reason why Donâ€™t Go is superior ğŸ˜­ğŸ˜­ğŸ’˜ Look at these gorgeous men ğŸ˜â¤ï¸â€ğŸ”¥I love them so much ğŸ’˜

#TimeForEXO
#EXOCLOCK_D1 #EXOCLOCK_EXO_FANMEETING https://t.co/Rf8rhRqxDM",1,1,0,1
@HudsonHatley Then Sasha sneaks up behind Grevious to slice one of his arms off. (Awesom art btw ğŸ”¥) https://t.co/dMDFjkUoUY,1,1,0,0
iâ€™ve tried converting them to keitaism but it hasnâ€™t worked ğŸ˜¨,-1,1,1,0
"ğŸ£ğŸŒ·Wishing everyone a joyful and blessed Easter Sunday filled with love, happiness, and cherished moments with family and friends. Happy Easter! ğŸŒ¼ğŸ° https://t.co/SWRtIRLDYx",1,1,1,1
@Bradwick11 @DailyLoud Yet he was just In cuba handing out thousands of dollarsğŸ¤£,1,0,1,0
"@Meidas_LaurenA @mtgreenee Hey , and it takes one (mtg) to know one . How quaint . Let the ğŸ’©fly .",-1,1,1,0
@TSCinderace Some of these were my dream plush tooğŸ˜‡,1,1,0,0
@Veronic31491223 @RonFilipkowski Just like their Keurigs. That was a hoot.ğŸ˜‚ğŸ¤¡,1,1,0,0
"âœ¨Thank you for giving me very nice and beautiful vehicleğŸ¥°ğŸ’¯âœ¨ğŸ€
âœ¨ğŸ†ğŸ”¥CREATORğŸ†âœ¨ğŸ¨ğŸ§™ğŸ’«
âœ¨ğŸ‘‘ğŸ”¥@forro_sacanağŸ…ğŸ’«
âœ¨ğŸ†ğŸ”¥DistributerğŸ†âœ¨
âœ¨ğŸ‘‘ğŸ”¥@Alex_JerezlğŸ…ğŸ’«
âœ¨I am very happyğŸ¥³ğŸ’«
ğŸ€thank you for todayğŸ™ğŸ€ https://t.co/McR19796wj",1,1,0,1
@pritipatel What a fantastic day it was 10years ago ğŸ‰ğŸ‰ğŸ‰ğŸ‰ğŸ‰ğŸ‰ğŸ‰ğŸ‰ğŸ‰ğŸ‰ğŸ‰ğŸ‰ğŸ‰ #inthemud https://t.co/o1nsJKSG5W,1,1,1,1
#NanoMatic itâ€™s giveaway time ğŸ‘€ whoâ€™s ready for something fun ğŸ’ª,1,1,0,0
"@Sherrydp105 Happy Easter, Sharon.
ğŸ¥šğŸ¥šğŸ¥š
I hope the Easter bunny has been to Chatsworth.
Love RupeeXXX â¤ï¸â¤ï¸â¤ï¸ https://t.co/cYeOR4InhB",1,1,1,0
keep you eyes on this ğŸ‘€ğŸ‘€ğŸ‘€,0,1,1,0
@yeargears Wihh congrats!! ğŸ¥³,1,1,1,1
"i really thought that he will focus more on his fam, will go hiatus for a long time but he chose to continue with his passion (music) and to us so thank you jongdae! youâ€™re always worth the wait. ğŸ¤",1,1,1,1
@Onewomantwodogs Yappy Barkday. Wow today you had to share with the Easter bunny ğŸ° ğŸ¾ğŸ‚ğŸ¾ğŸ¥³ https://t.co/WcW8ACXnMs,1,1,1,0
The size difference is staggering! What a lovely little thing! Itâ€™s only 24 years old too ğŸ¥° 40th Edition Mini in Burgundy perfection ğŸ‡¬ğŸ‡§ https://t.co/fJyDTsKun0,0,1,0,1
@nge_official ã‚°ãƒ©ãƒ³ã‚«ã‚¹ğŸ–•,N/A,N/A,N/A,N/A
@DougWahl1 Wasn't Jimmy one of the Repugnuts to ignore a subpoena? Maybe oblige Gym by ignoring the subpoenas that he feels obligated to hand out. He doesn't seem to put much stock into them. ğŸ˜‰ğŸ–•ğŸ’â€â™‚ï¸,-1,0,0,1
"@SkegnessTownA
No fixture for us today.
Enjoy the leisure time fellas ğŸ£ğŸ¥šğŸ» âšªğŸ”´",1,1,0,0
@KobraTHFC @PaulE2Spurs @J_Chambo92 @rich_chandler @BBCMOTD Hahahaha youâ€™re lost if you think that oneâ€™s a handball too ğŸ« ,-1,0,0,0
"Just watched Ghostbusters Afterlife again. I cried again. Beautiful fun film. 
For Harold â¤ï¸ğŸ‘»",1,1,1,0
"Join us for Market Updates, NFT NYC &amp; Overlord Updates. 

Over 2.5 ETH in NFTâ€™s given away this year &amp; itâ€™s just the start. 

This week is a @kandyland_io NFTğŸ­

ğŸš¨ Giveaway RulesğŸš¨

âœ…Retweet my ğŸ“ Tweet 
âœ… Follow @Overlord_xyz 
âœ… Follow @Wen_Radio 

 https://t.co/yMTAl73Syp",0,1,0,0
"You've been RATIOED!! Students screaming non-stop and holding a visitor hostage for a few hours, is not something that any decent University should be proud of! ğŸ˜¤",-1,1,1,1
No way we got to meet Azael and Flowers ğŸ˜­ğŸ¥¹ https://t.co/v6pM7VswUa,1,1,1,1
"Our Easter package is still on, Celebrate Easter in style with our custom-printed apparel! From cute bunny tees to colourful egg hoodies, our collection has something for everyone. 

10% Off Today
To order ğŸ‘‰ 09073016267 https://t.co/WtLhkbjBuD",1,1,1,0
@A7md5A Ø§Ù‚Ù„ Ø­Ø§Ø¬Ù‡ Ø¹Ù†Ø¯ÙŠ ğŸ˜ğŸ˜‚ğŸ˜‚,N/A,N/A,N/A,N/A
@DiscussingFilm This mfker almost took me out ğŸ¤£ https://t.co/Ud78aABDBh,0,0,1,0
"still peak at most insane things iâ€™ve ever done for this woman, the way @thisisluutrying @dyedkeelingreen and me really stayed there for 8 full hours ğŸ¥²",0,0,0,0
"ğŸ¶: I want you to be happy and love Kingdom. This is a great gift for me
(ğŸ˜­)",1,1,0,0
@_AsiwajuLerry Chelsea spend Â£660m take buy players and baba talk say â€œwhile they keep using same playersâ€ ğŸ¤¡,-1,1,0,0
@mufaddal_vohra We are hear to win our 3 trophy ğŸ† ğŸ˜,1,0,1,0
"@cidercask That does sound like a good combo, aye ğŸ˜‹",1,1,1,0
"@ng28hy å¼·ã„ã­ãƒ¼ã€æ™´ã‚Œã¦ã¦è‰¯ã‹ã£ãŸ
é›»è»Šä¹—ã‚Šé…ã‚Œã¦10åˆ†ãã‚‰ã„å¾…ã¡ã‚ˆâ€¦ğŸ˜­
å¯’ã„ã‚w",N/A,N/A,N/A,N/A
@EIonOUT Hold this and say it without crying ğŸ˜‰ https://t.co/vd5rQPURCx,0,0,1,0
Getting nominated with the likes of eunwoo and zayn is already a flex ngl haha @ActorHaein ğŸ«¡,1,1,0,0
1. #TXT The Name Chapter: TEMPTATIONğŸ”¥ @TXT_members,0,1,0,0
Who gotta the website with the bootlegs ğŸ‘€,0,1,1,0
Flyers about to make historyğŸ™ğŸ»,1,1,0,0
@axios Where the f*ck is the ğŸ’¯ M that Bezos gave this guy being used?? We keep asking but no answers ğŸ˜¡,-1,1,1,1
"@muje_nhi_pta Ohh .. it's not in solar system ğŸ¥²- the reason you dont know about treat. 
Btw Eidi is new form of treat ğŸ™‚",0,1,0,0
@Faytuks now they scared yeah ğŸ¤£,1,0,1,0
"Do you know what your blood group is? 

Comment with an emoji or gif below: ğŸ£ğŸ«ğŸ°ğŸŒ¸ğŸ¥š https://t.co/GtuYW2J9nS",0,1,0,0
does sm want to invest in a movie for them 3 ğŸ˜‚,0,0,1,0
Had such a good time with my fam ğŸ¤,1,1,1,0
"Lizzo | Juice | Funky Pearls Mix
âœ… https://t.co/tdV36gjAA2 https://t.co/hZm23nCF68",0,1,0,0
"@maej43 ""this genuinely wasn't in the small print"" ğŸ˜‚ğŸ˜‚",1,1,1,1
"Good day for you my dear !
I miss you, and i will miss you for-ever ğŸ«¶â¤ï¸ğŸ«µğŸ»ğŸ«¶â¤ï¸",1,1,1,1
"@bIueora Everyone going crazy when this came up the tl
I knew and I was like guys guys thatâ€™s my bestie go stream his solo ğŸ«¶ğŸ˜¤ğŸ¤ªğŸ”¥ğŸ”¥ğŸ”¥",1,1,0,1
HAPPY POG BIRTHDAY BOSS!! POG POG ğŸ‰ğŸ‰ spent the day watching the mario movie and getting desserts in honour of boss's bday~ #LucaPOGDay2023 https://t.co/N2Zx2sNYGa,1,1,1,1
Out and about at #bryantscove and a bit of Easter baking with NannyğŸ‡ğŸ§ https://t.co/FD4uwhxs2C,0,1,1,0
This really is a step too far!â€¦.ğŸ™ğŸ‡¬ğŸ‡§,-1,1,0,0
Too Fast to Handle ğŸ¥µ https://t.co/6216Wa2g55,0,1,1,0
"@gunson_l @Susie_Sooz And they're now the Blackpool Brawling Club? ğŸ˜‹ (Actually think that's a better initialism than BCC really, and yes I know probably autocorrect did it)",1,1,0,0
"ğŸš¨ğŸ¤¯

#AI powered cars ğŸš— and #AR headsets spy on everything ! 
ğŸ‘€ğŸ”

ğŸ“¹ Cameras capture and stream everywhere ğŸ˜±, raising serious concerns about privacy ğŸ¤” 

Is there no sanctity in a personal garage? ğŸ¡ Is your own home ğŸ  not a safe haven ğŸ”’ anymore?

https://t.co/TBGfNb9CUL",-1,1,1,1
"#HLP Go for Discord 10,000 peopleğŸ”¥
The second stamp event, which was very successful, will startğŸŠ
You can post up to 3 photos per personâœ¨
Opportunity to get AL and FMğŸ’¡
Winner probabilityğŸ†™ğŸŠ#Giveaway is also being heldğŸ”¥
https://t.co/zGtRVKxY2L https://t.co/BgIaUqpSoe",1,1,0,1
@VehicleTrackerz Nah most of our taxi's look like this and our roads are worserğŸ¤”ğŸ¤”ğŸ¤£ğŸ¤£,-1,1,0,1
"The unisex Tuffa Aylsham Riding Boots are suitable for all riding disciplines; from hacking to schooling and jumping. 

Sizes 3/36 to 13/47
Slim, standard and wide fit
Black and Brown

ğŸ‘‰ https://t.co/ewAbriJp7W

#RidingBoots #YardBoots #TuffaBoots #Equestrians https://t.co/73c5CBvcyn",0,1,1,0
@W2Kc3Qw3NyMbte5 ã‚ã‚ŠãŒã¨ã†ã”ã–ã„ã¾ã£ã‚¹ğŸ˜ŠğŸ¤©ğŸ¥³,N/A,N/A,N/A,N/A
"What is Easter? Time for chocolate bunnies, colorful eggs and Easter riddles! ğŸ¤“Here's one you'll surely like: What does the Easter bunny do after she takes a shower?... ğŸš¿She uses a hare dryer! ğŸ¤ªğŸ‡ Retweet &amp; watch you hare ğŸ˜‹ &gt;&gt; https://t.co/ZMwfduVxQp https://t.co/lR2BqsmHwa",1,1,1,0
"ğŸ˜Check this out! $US $19.97 only! âœ… FREE Shipping https://t.co/xpDdGNgcot $US $19.97
#kitchenappliences #plants #homegadgets #homeaccessories #artificialintelligence https://t.co/sGhwkSSR34",1,1,1,1
"Missed these babies so bad @bbrightvc @winmetawin ğŸ˜­ğŸ˜­ğŸ˜­

#à¹„à¸šà¸£à¹Œà¸—à¸§à¸´à¸™ https://t.co/ZyERosxrGH",1,0,1,1
"We're back underway and ready for an important afternoon session ğŸ’ª

Gloucs 481/7 (lead by 242)

ğ—ªğ—®ğ˜ğ—°ğ—µ ğ—¹ğ—¶ğ˜ƒğ—² ğŸ‘‰ https://t.co/rh9bljo0au

#GLAMvGLOS | #GoGlam https://t.co/02sBLWLwfC",0,1,1,0
Agust D said: Ready to roll ğŸ¥µğŸ”¥ https://t.co/fx9kZZnFAD,0,1,0,1
"@azraelfallen @SAH19801 @OverUnderClover @mehdirhasan ğŸ¤£ğŸ¤¡
So, instead of looking it up, you just continue to make yourself look like an ass?
You must be a trump supporter",-1,1,1,1
"Find a way of re-uniting, promise to make a house for her parents, demolish those nests they are staying at the moment and disappear never to appear any moreğŸ˜‚ğŸ˜‚",0,0,1,0
"@wilderpatriot TRANS-is living a lie, ğŸ¤¥ğŸ¤¥ğŸ¤¥, stop grooming children ğŸ–•ğŸ–•ğŸ–•",-1,1,1,1
"I sometimes get excited LMFAO ğŸ¤£ğŸ˜ğŸ’ª

Swept 50 @LlamaPixNFT this afternoon 

To the moon and beyond ğŸ¥³ğŸš€ğŸ¥³ https://t.co/RuI6erNfsS",1,1,0,1
@blackcircles Obviously chocolate eggs ğŸ˜‹,1,1,1,0
@scottmelker Did you pay your blue  âœ”ï¸ mark fees!,0,1,1,0
@Arsenal @AaronRamsdale98 Buzzing ğŸ”¥ should be england first choice,0,1,0,0
I drained my energy enough so I'm good for now ğŸ‘Œ,-1,0,1,0
Happy Easter ğŸ¥š,1,1,1,0
HappY Easter To All ğŸ‡ğŸ¥šğŸ§ºğŸ™ğŸ½ğŸ£ğŸ’,1,1,1,0
@CFCDaily You wanted and celebrated this clown ğŸ¤¡...have it now,-1,1,1,0
Canâ€™t let run game on me ğŸ˜‚ğŸ˜¢,0,0,0,1
@corpsefuckerr ğŸ˜¨ pls drop out of school it's not working for you xx,-1,0,1,1
"@_Dazythafirst Omo you really chow Easter Rice and Chicken abi

Normal dis your level of Happiness show say you don bellefu
ğŸ˜…ğŸ˜‚ğŸ˜‚ğŸ˜…ğŸ˜…ğŸ˜… https://t.co/xT7x1VKk1H",0,0,0,1
"@isaacthequach @Chelzzzg_ @Wordsof_Rizdom 

Been in the discord since the 28th of August ğŸ¥³, can't follow the Instagram as I've gotten rid of the socials to focus more on my skill. Literally just used Twitter to follow traders I look up to and you're on @isaacthequach ğŸ¤",0,1,1,0
Am I drunk? Yes. Am I attempting to do homework thatâ€™s due at midnight? Also yes. ğŸ¥¹,1,0,0,1
@AZ_Brittney ğŸ–•how about that,-1,1,1,1
"@SiggiFgc @Echo_StL Nah, I need my 7 frame active ROB dair to keep carrying me ğŸ˜¤",-1,0,1,0
I don't have the heart to watch this team against Benzema who's in god mode form ğŸ¥²,1,0,0,0
Good night today $200 in winnings need more days like today ğŸ«¡ https://t.co/JVK8KN9prs,1,1,0,0
My first meal of the day video for that ass. ğŸ˜ŠğŸ‘ğŸ‰ğŸ‚ğŸ¤—ğŸŠğŸ‘ğŸ˜ğŸ¤ŸğŸ¥°ğŸ˜‚ğŸ¤£ğŸ˜‚ğŸ¤£ğŸˆğŸŒ¹â¤ğŸ™ https://t.co/1PdDmf5yES,1,1,0,1
Hell na mfs donâ€™t like that hot ğŸ¥µ seat of honesty and TRUTH,-1,1,1,1
"Easter is just around the corner- which means lots of delicious chocolate! ğŸ˜‹ğŸ« Even astronauts get to munch on some of it in space- read about it here:
https://t.co/fB4AtdDMKQ https://t.co/XIODg4Vy56",1,1,1,0
"ğŸ° Afil Games wishes a Happy Easter to all gamers in the community! ğŸ’«

ğŸ‘‰  Don't forget to stay updated on our games and new updates on our Steam page: https://t.co/F4tz5R4UTB https://t.co/WNlUS0Bqy5",1,1,1,0
"@Victorshi2020 Yeah, this time will be different because . . . ğŸ¤¡",-1,1,0,1
@eww_davidd omg this looks so ğŸ¤¤ğŸ¤¤ğŸ˜‹,1,1,1,1
Does anyone have the set list they performed? ğŸ‘€,0,1,1,0
Libra â™ï¸ men and dysfunctional water sign men ğŸ‘€ğŸ‘€,0,1,1,1
"New T1 Galaxy Secert 

ğŸ“‡Name: Fairy Pegasus 
ğŸ¥šEgg: Fairy 
ğŸ²Rarity: 0.000003%
â­ï¸Exist: 3

Tags: #RobloxDev #Roblox https://t.co/ahMSoDVUbO",0,1,1,0
@josh_aslinger @Tennessee_Mojo @VOLiever She been sprinkling it around all week ğŸ˜,0,1,0,0
"Have a happy Easter friends ğŸŒ¼ğŸ’›
""Easter always puts a little spring in my step.""ğŸ‰ğŸ£ğŸ¥ https://t.co/pSEk81xBnb",1,1,1,1
I just wanna run away â€¦ duck off and get away from all the bullshit and the world âœŒğŸ½ğŸ« ğŸ’ğŸ½â€â™€ï¸,-1,0,0,1
@StockRetail @mewntix @algohack @mewnitx always screaming we lost $$$..  meanwhile he struggles to cover his loses.. ğŸ”¥ğŸ©³,-1,1,1,0
Waw realğŸ‰,1,1,1,0
This movie was fire ğŸ˜®â€ğŸ’¨,1,1,0,0
"@LiteChild Good naturedly, they appreciate your work so far and offer their respect for the work you continue to do for your lineage. ğŸ™â™¥ï¸",1,1,0,0
@Sirius_8lack dag!!! I didn't even notice the flag until now.  I'm going to have to watch it again...this showâœ”ï¸ğŸ’¯ğŸ’¯,1,1,1,1
sumin is my people cause he loves greenğŸ¥ºğŸ’–,1,1,1,0
@heluvbarica You have a beautiful smile.  â¤ï¸,1,1,1,0
Easter Sunday roast with my handsome ğŸ£â™¥ï¸ @carb0nmono https://t.co/e1WmSe4ynv,1,1,1,0
ALL RISE FOR THE FLAG ğŸ—£ï¸ğŸ³ï¸â€ğŸŒˆ https://t.co/ILW9oRQrJv,1,1,1,1
"ğŸ¤ğŸ˜†ğŸ˜…ğŸ’˜ğŸ˜
Staff first production police.
#æµå— #åˆè‚¥ https://t.co/QrHYGrO0UF",0,1,0,1